-- phpMyAdmin SQL Dump
-- version 4.1.12
-- http://www.phpmyadmin.net
--
-- Host: localhost:3306
-- Generation Time: Jun 17, 2015 at 06:41 PM
-- Server version: 5.5.34
-- PHP Version: 5.4.26

SET SQL_MODE = "NO_AUTO_VALUE_ON_ZERO";
SET time_zone = "+00:00";


/*!40101 SET @OLD_CHARACTER_SET_CLIENT=@@CHARACTER_SET_CLIENT */;
/*!40101 SET @OLD_CHARACTER_SET_RESULTS=@@CHARACTER_SET_RESULTS */;
/*!40101 SET @OLD_COLLATION_CONNECTION=@@COLLATION_CONNECTION */;
/*!40101 SET NAMES utf8 */;

--
-- Database: `golf`
--

-- --------------------------------------------------------

--
-- Table structure for table `courses`
--

CREATE TABLE `courses` (
  `id` int(11) NOT NULL AUTO_INCREMENT,
  `name` text NOT NULL,
  PRIMARY KEY (`id`)
) ENGINE=InnoDB  DEFAULT CHARSET=latin1 AUTO_INCREMENT=3 ;

--
-- Dumping data for table `courses`
--

INSERT INTO `courses` (`id`, `name`) VALUES
(1, 'Yarra Bend'),
(2, 'Burnley');

-- --------------------------------------------------------

--
-- Table structure for table `course_hole`
--

CREATE TABLE `course_hole` (
  `id` int(11) NOT NULL AUTO_INCREMENT,
  `course_id` int(11) NOT NULL,
  `hole_num` int(11) NOT NULL,
  `white_distance` int(11) NOT NULL,
  `red_distance` int(11) NOT NULL,
  `white_par` int(11) NOT NULL,
  PRIMARY KEY (`id`)
) ENGINE=InnoDB  DEFAULT CHARSET=latin1 AUTO_INCREMENT=19 ;

--
-- Dumping data for table `course_hole`
--

INSERT INTO `course_hole` (`id`, `course_id`, `hole_num`, `white_distance`, `red_distance`, `white_par`) VALUES
(1, 1, 1, 330, 293, 4),
(2, 1, 2, 380, 318, 4),
(3, 1, 3, 308, 297, 4),
(4, 1, 4, 112, 103, 3),
(5, 1, 5, 387, 321, 4),
(6, 1, 6, 327, 288, 4),
(7, 1, 7, 341, 281, 4),
(8, 1, 8, 159, 127, 3),
(9, 1, 9, 445, 377, 5),
(10, 1, 10, 122, 115, 3),
(11, 1, 11, 260, 244, 4),
(12, 1, 12, 370, 331, 4),
(13, 1, 13, 435, 382, 5),
(14, 1, 14, 160, 122, 3),
(15, 1, 15, 486, 395, 5),
(16, 1, 16, 148, 112, 3),
(17, 1, 17, 333, 307, 4),
(18, 1, 18, 306, 290, 4);

-- --------------------------------------------------------

--
-- Table structure for table `hole`
--

CREATE TABLE `hole` (
  `id` int(11) NOT NULL AUTO_INCREMENT,
  `round_id` int(11) NOT NULL,
  `hole_index` int(11) NOT NULL,
  `score` int(11) NOT NULL,
  `bunkers` int(11) NOT NULL,
  `fairways` int(11) NOT NULL,
  `putts` int(11) NOT NULL,
  PRIMARY KEY (`id`)
) ENGINE=InnoDB  DEFAULT CHARSET=latin1 AUTO_INCREMENT=292 ;

--
-- Dumping data for table `hole`
--

INSERT INTO `hole` (`id`, `round_id`, `hole_index`, `score`, `bunkers`, `fairways`, `putts`) VALUES
(130, 165, 1, 2, 0, 0, 0),
(131, 165, 2, 0, 0, 0, 0),
(132, 165, 3, 0, 0, 0, 0),
(133, 165, 4, 0, 0, 0, 0),
(134, 165, 5, 0, 0, 0, 0),
(135, 165, 6, 0, 0, 0, 0),
(136, 165, 7, 0, 0, 0, 0),
(137, 165, 8, 0, 0, 0, 0),
(138, 165, 9, 0, 0, 0, 0),
(139, 165, 10, 0, 0, 0, 0),
(140, 165, 11, 0, 0, 0, 0),
(141, 165, 12, 0, 0, 0, 0),
(142, 165, 13, 0, 0, 0, 0),
(143, 165, 14, 0, 0, 0, 0),
(144, 165, 15, 0, 0, 0, 0),
(145, 165, 16, 0, 0, 0, 0),
(146, 165, 17, 0, 0, 0, 0),
(147, 165, 18, 0, 0, 0, 0),
(148, 166, 1, 0, 0, 0, 0),
(149, 166, 2, 0, 0, 0, 0),
(150, 166, 3, 0, 0, 0, 0),
(151, 166, 4, 0, 0, 0, 0),
(152, 166, 5, 0, 0, 0, 0),
(153, 166, 6, 0, 0, 0, 0),
(154, 166, 7, 0, 0, 0, 0),
(155, 166, 8, 0, 0, 0, 0),
(156, 166, 9, 0, 0, 0, 0),
(157, 166, 10, 0, 0, 0, 0),
(158, 166, 11, 0, 0, 0, 0),
(159, 166, 12, 0, 0, 0, 0),
(160, 166, 13, 0, 0, 0, 0),
(161, 166, 14, 0, 0, 0, 0),
(162, 166, 15, 0, 0, 0, 0),
(163, 166, 16, 0, 0, 0, 0),
(164, 166, 17, 0, 0, 0, 0),
(165, 166, 18, 0, 0, 0, 0),
(166, 167, 1, 0, 0, 0, 0),
(167, 167, 2, 0, 0, 0, 0),
(168, 167, 3, 0, 0, 0, 0),
(169, 167, 4, 0, 0, 0, 0),
(170, 167, 5, 0, 0, 0, 0),
(171, 167, 6, 0, 0, 0, 0),
(172, 167, 7, 0, 0, 0, 0),
(173, 167, 8, 0, 0, 0, 0),
(174, 167, 9, 0, 0, 0, 0),
(175, 167, 10, 0, 0, 0, 0),
(176, 167, 11, 0, 0, 0, 0),
(177, 167, 12, 0, 0, 0, 0),
(178, 167, 13, 0, 0, 0, 0),
(179, 167, 14, 0, 0, 0, 0),
(180, 167, 15, 0, 0, 0, 0),
(181, 167, 16, 0, 0, 0, 0),
(182, 167, 17, 0, 0, 0, 0),
(183, 167, 18, 0, 0, 0, 0),
(184, 168, 1, 0, 0, 0, 0),
(185, 168, 2, 0, 0, 0, 0),
(186, 168, 3, 0, 0, 0, 0),
(187, 168, 4, 0, 0, 0, 0),
(188, 168, 5, 0, 0, 0, 0),
(189, 168, 6, 0, 0, 0, 0),
(190, 168, 7, 0, 0, 0, 0),
(191, 168, 8, 0, 0, 0, 0),
(192, 168, 9, 0, 0, 0, 0),
(193, 168, 10, 0, 0, 0, 0),
(194, 168, 11, 0, 0, 0, 0),
(195, 168, 12, 0, 0, 0, 0),
(196, 168, 13, 0, 0, 0, 0),
(197, 168, 14, 0, 0, 0, 0),
(198, 168, 15, 0, 0, 0, 0),
(199, 168, 16, 0, 0, 0, 0),
(200, 168, 17, 0, 0, 0, 0),
(201, 168, 18, 0, 0, 0, 0),
(202, 169, 1, 0, 0, 0, 0),
(203, 169, 2, 0, 0, 0, 0),
(204, 169, 3, 0, 0, 0, 0),
(205, 169, 4, 0, 0, 0, 0),
(206, 169, 5, 0, 0, 0, 0),
(207, 169, 6, 0, 0, 0, 0),
(208, 169, 7, 0, 0, 0, 0),
(209, 169, 8, 0, 0, 0, 0),
(210, 169, 9, 0, 0, 0, 0),
(211, 169, 10, 0, 0, 0, 0),
(212, 169, 11, 0, 0, 0, 0),
(213, 169, 12, 0, 0, 0, 0),
(214, 169, 13, 0, 0, 0, 0),
(215, 169, 14, 0, 0, 0, 0),
(216, 169, 15, 0, 0, 0, 0),
(217, 169, 16, 0, 0, 0, 0),
(218, 169, 17, 0, 0, 0, 0),
(219, 169, 18, 0, 0, 0, 0),
(220, 170, 1, 0, 0, 0, 0),
(221, 170, 2, 0, 0, 0, 0),
(222, 170, 3, 0, 0, 0, 0),
(223, 170, 4, 0, 0, 0, 0),
(224, 170, 5, 0, 0, 0, 0),
(225, 170, 6, 0, 0, 0, 0),
(226, 170, 7, 0, 0, 0, 0),
(227, 170, 8, 0, 0, 0, 0),
(228, 170, 9, 0, 0, 0, 0),
(229, 170, 10, 0, 0, 0, 0),
(230, 170, 11, 0, 0, 0, 0),
(231, 170, 12, 0, 0, 0, 0),
(232, 170, 13, 0, 0, 0, 0),
(233, 170, 14, 0, 0, 0, 0),
(234, 170, 15, 0, 0, 0, 0),
(235, 170, 16, 0, 0, 0, 0),
(236, 170, 17, 0, 0, 0, 0),
(237, 170, 18, 0, 0, 0, 0),
(238, 171, 1, 0, 0, 0, 0),
(239, 171, 2, 0, 0, 0, 0),
(240, 171, 3, 0, 0, 0, 0),
(241, 171, 4, 0, 0, 0, 0),
(242, 171, 5, 0, 0, 0, 0),
(243, 171, 6, 0, 0, 0, 0),
(244, 171, 7, 0, 0, 0, 0),
(245, 171, 8, 0, 0, 0, 0),
(246, 171, 9, 0, 0, 0, 0),
(247, 171, 10, 0, 0, 0, 0),
(248, 171, 11, 0, 0, 0, 0),
(249, 171, 12, 0, 0, 0, 0),
(250, 171, 13, 0, 0, 0, 0),
(251, 171, 14, 0, 0, 0, 0),
(252, 171, 15, 0, 0, 0, 0),
(253, 171, 16, 0, 0, 0, 0),
(254, 171, 17, 0, 0, 0, 0),
(255, 171, 18, 0, 0, 0, 0),
(256, 172, 1, 5, 0, 0, 0),
(257, 172, 2, 0, 0, 0, 0),
(258, 172, 3, 0, 0, 0, 0),
(259, 172, 4, 0, 0, 0, 0),
(260, 172, 5, 0, 0, 0, 0),
(261, 172, 6, 0, 0, 0, 0),
(262, 172, 7, 0, 0, 0, 0),
(263, 172, 8, 0, 0, 0, 0),
(264, 172, 9, 0, 0, 0, 0),
(265, 172, 10, 0, 0, 0, 0),
(266, 172, 11, 0, 0, 0, 0),
(267, 172, 12, 0, 0, 0, 0),
(268, 172, 13, 0, 0, 0, 0),
(269, 172, 14, 0, 0, 0, 0),
(270, 172, 15, 0, 0, 0, 0),
(271, 172, 16, 0, 0, 0, 0),
(272, 172, 17, 0, 0, 0, 0),
(273, 172, 18, 0, 0, 0, 0),
(274, 173, 1, 5, 0, 0, 0),
(275, 173, 2, 0, 0, 0, 0),
(276, 173, 3, 0, 0, 0, 0),
(277, 173, 4, 0, 0, 0, 0),
(278, 173, 5, 0, 0, 0, 0),
(279, 173, 6, 0, 0, 0, 0),
(280, 173, 7, 0, 0, 0, 0),
(281, 173, 8, 0, 0, 0, 0),
(282, 173, 9, 0, 0, 0, 0),
(283, 173, 10, 0, 0, 0, 0),
(284, 173, 11, 0, 0, 0, 0),
(285, 173, 12, 0, 0, 0, 0),
(286, 173, 13, 0, 0, 0, 0),
(287, 173, 14, 0, 0, 0, 0),
(288, 173, 15, 0, 0, 0, 0),
(289, 173, 16, 0, 0, 0, 0),
(290, 173, 17, 0, 0, 0, 0),
(291, 173, 18, 0, 0, 0, 0);

-- --------------------------------------------------------

--
-- Table structure for table `round`
--

CREATE TABLE `round` (
  `id` int(11) NOT NULL AUTO_INCREMENT,
  `course_id` int(11) DEFAULT NULL,
  `user_id` int(11) NOT NULL,
  PRIMARY KEY (`id`)
) ENGINE=InnoDB  DEFAULT CHARSET=latin1 AUTO_INCREMENT=174 ;

--
-- Dumping data for table `round`
--

INSERT INTO `round` (`id`, `course_id`, `user_id`) VALUES
(4, 1, 0),
(5, 1, 0),
(6, 1, 0),
(7, 1, 0),
(8, 1, 0),
(9, 1, 0),
(10, 1, 0),
(11, 1, 0),
(12, 1, 0),
(13, 1, 0),
(14, 1, 0),
(15, 1, 0),
(16, 1, 0),
(17, 1, 0),
(18, 1, 0),
(19, 1, 0),
(20, 1, 0),
(21, 1, 0),
(22, 1, 0),
(23, 1, 0),
(24, 1, 0),
(25, 1, 0),
(26, 1, 0),
(27, 1, 0),
(28, 1, 0),
(29, 1, 0),
(30, 1, 0),
(31, 1, 0),
(32, 1, 0),
(33, 1, 0),
(34, 1, 0),
(35, 1, 0),
(36, 1, 0),
(37, 1, 0),
(38, 1, 0),
(39, 1, 0),
(40, 1, 0),
(41, 1, 0),
(42, 1, 0),
(43, 1, 0),
(44, 1, 0),
(45, 1, 0),
(46, 1, 0),
(47, 1, 0),
(48, 1, 0),
(49, 1, 0),
(50, 1, 0),
(51, 1, 0),
(52, 1, 0),
(53, 1, 0),
(54, 1, 0),
(55, 1, 0),
(56, 1, 0),
(57, 1, 0),
(58, 1, 0),
(59, 1, 0),
(60, 1, 0),
(61, 1, 0),
(62, 1, 0),
(63, 1, 0),
(64, 1, 0),
(65, 1, 0),
(66, 1, 0),
(67, 1, 0),
(68, 1, 0),
(69, 1, 0),
(70, 1, 0),
(71, 1, 0),
(72, 1, 0),
(73, 1, 0),
(74, 1, 0),
(75, 1, 0),
(76, 1, 0),
(77, 1, 0),
(78, 1, 0),
(79, 1, 0),
(80, 1, 0),
(81, 1, 0),
(82, 1, 0),
(83, 1, 0),
(84, 1, 0),
(85, 1, 0),
(86, 1, 0),
(87, 1, 0),
(88, 1, 0),
(89, 1, 0),
(90, 1, 0),
(91, 1, 0),
(92, 1, 0),
(93, 1, 0),
(94, 1, 0),
(95, 1, 0),
(96, 1, 0),
(97, 1, 0),
(98, 1, 0),
(99, 1, 0),
(100, 1, 0),
(101, 1, 0),
(102, 1, 0),
(103, 1, 0),
(104, 1, 0),
(105, 1, 0),
(106, 1, 0),
(107, 1, 0),
(108, 1, 0),
(109, 1, 0),
(110, 1, 0),
(111, 1, 0),
(112, 1, 0),
(113, 1, 0),
(114, 1, 0),
(115, 1, 0),
(116, 1, 0),
(117, 1, 0),
(118, 1, 0),
(119, 1, 0),
(120, 1, 0),
(121, 1, 0),
(122, 1, 0),
(123, 1, 0),
(124, 1, 0),
(125, 1, 0),
(126, 1, 0),
(127, 1, 0),
(128, 1, 0),
(129, 1, 0),
(130, 1, 0),
(131, 1, 0),
(132, 1, 0),
(133, 1, 0),
(134, 1, 0),
(135, 1, 0),
(136, 1, 0),
(137, 1, 0),
(138, 1, 0),
(139, 1, 0),
(140, 1, 0),
(141, 1, 0),
(142, 1, 0),
(143, 1, 0),
(144, 1, 0),
(145, 1, 0),
(146, 1, 0),
(147, 1, 0),
(148, 1, 0),
(149, 1, 0),
(150, 1, 0),
(151, 1, 0),
(152, 1, 0),
(153, 1, 0),
(154, 1, 0),
(155, 1, 0),
(156, 1, 0),
(157, 1, 0),
(158, 1, 0),
(159, 1, 0),
(160, 1, 0),
(161, 1, 0),
(162, 1, 0),
(163, 1, 0),
(164, 1, 0),
(165, 1, 0),
(166, 1, 0),
(167, 1, 0),
(168, 1, 0),
(169, 1, 0),
(170, 1, 0),
(171, 1, 0),
(172, 1, 0),
(173, 1, 0);

-- --------------------------------------------------------

--
-- Table structure for table `user`
--

CREATE TABLE `user` (
  `id` int(11) NOT NULL AUTO_INCREMENT,
  `name` text NOT NULL,
  `email` text NOT NULL,
  `password` text NOT NULL,
  PRIMARY KEY (`id`)
) ENGINE=InnoDB DEFAULT CHARSET=latin1 AUTO_INCREMENT=1 ;

/*!40101 SET CHARACTER_SET_CLIENT=@OLD_CHARACTER_SET_CLIENT */;
/*!40101 SET CHARACTER_SET_RESULTS=@OLD_CHARACTER_SET_RESULTS */;
/*!40101 SET COLLATION_CONNECTION=@OLD_COLLATION_CONNECTION */;
